titulo,link,data,texto
"Vigipós 25 anos - Passado, presente e futuro da vigilância pós-comercialização",https://www.gov.br/anvisa/pt-br/assuntos/noticias-anvisa/2026/vigipos-25-anos-passado-presente-e-futuro-da-vigilancia-pos-comercializacao,28/05/2026,"AVigipós, como é conhecida, é o trabalho de olhar e monitorar os produtos voltados para a saúdeejá em uso pela população. O objetivo éantecipare identificarproblemasparaevitar o riscoà saúde das pessoas. A vigilância de pós-mercadoé feitacom diferentes ferramentas,como o recebimento eaanálise de notificações enviadas por profissionais de saúde e pela população em geral, pelo acompanhamento de alertas em outros países epelaatualização de publicações científicas que tragam novas informações de risco e benefício de produtos já em uso. Durante a aberturado evento que celebra os 25 anos desse relevante trabalho, nesta quinta-feira (28/5),o diretor Thiago Campo, responsável pela supervisão do monitoramentonaAnvisa,destacou que aVigipósestá no centro da missão do SUSprevista na Constituição de 1988,que é reduzir riscos de doenças e de outros agravos à saúde.Segundo ele,ainda é um desafio ampliar a capacidade de análise de dados para agirdiante do sinal de qualquer risco. Ainda de acordo com o diretor, diferentes desafios atuais daAnvisa, nas áreas deregistro, por exemplo,passam pelomonitoramentoefetivo do quejáestá nomercado.“A soluçãoestáem deslocar para o pós-mercado a atenção e dar a força necessária para queaVigipósseja aquilo que vai de fato proteger as pessoas quandofazem uso dos produtos regulados pelaAnvisa”, defendeu Campos. Já o diretor-presidente daAnvisa, LeandroSafatle, ressaltou que a mudança deperspectivaque dê mais peso ao trabalho depós-mercado tem capacidade de mudar o paradigma e caminhos da avaliação regulatória.“A vigilância de pós comercialização é talvez a prova mais concreta do compromisso do Estadocom a vida, é a provadeque o Brasil tem capacidadetécnica,institucional e humana de proteger sua população”, destacouSafatle. Participam do evento diferentes pessoas que foram importantes para a construção do sistema ao longo dos últimos 25 anos. Novo sistema Na quarta-feira (27/5),a Diretoria Colegiada daAnvisaaprovoua consulta pública paraa criação do Sistema Nacional deFarmacovigilância(Sinaf), que funcionará como um subsistema integrado ao Sistema Nacional de Vigilância Sanitária (SNVS). O principal objetivo da iniciativa é formalizar uma estrutura de governança cooperativa capaz de monitorar, de forma contínua, os riscos e eventos adversos associados ao uso de medicamentos após a sua entrada no mercado de consumo. Confira a programação completado evento Veja mais fotos do eventono Flickr da Anvisa. Use as setas à esquerda e à direita para navegar e clique na foto para a acessar em diferentes resoluções Acompanhe ou reveja o evento“25 anos doVigipós- Passado, presente e futuro da vigilância pós-comercialização”pelo canal daAnvisanoYouTube. "
Anvisa proíbe venda de suplementos alimentares irregulares,https://www.gov.br/anvisa/pt-br/assuntos/noticias-anvisa/2026/anvisa-proibe-venda-de-suplementos-alimentares-irregulares,28/05/2026,"A Agência Nacional de Vigilância Sanitária (Anvisa) determinou, nesta quinta-feira (28/05), a apreensão do suplemento alimentar líquidoRejuvita30ml, fabricado pela empresaRejuvitaLtda (CNPJ: 46.476.729/0001-30). AResolução 2.131/2026também proíbe avenda,adistribuição,afabricação,apropaganda e o uso do produto. O produtoRejuvita30 ML, divulgado como suplemento alimentar, apresenta indícios de irregularidade sanitária por veicular alegações não permitidas,como efeitos “anti-idade”, “renovação profunda da pele” e “dermocosmético oral”,o queinduz o consumidor a erro.O produto apresenta ainda a informaçãodeque é “100% regularizado e aprovado pela Anvisa”é enganosa,além dehaveroutrasinconsistênciasquanto à identificação do fabricante. MaybenPharmaceutical Já aResolução2.129/2026ordenou o recolhimentode todos os suplementos alimentares fabricados pela empresaMaybenPharmaceutical Ltda(CNPJ: 31170914000124).A comercialização,adistribuição,afabricação,adivulgação eouso ficam suspensos. Confira os itens que sofreramsanções fiscais: Suplemento alimentar em solução à base delactulose, marcasLactbeneLactuloseNativida Suplemento alimentar em comprimidos à base de cálcio e vitamina D, marcaCalciobenD Suplemento alimentar em comprimidos à base de cálcio, marcaCalcioben Suplemento alimentar em pó de carboidrato e eletrólitos, marcaAqualev Durante inspeção sanitária realizada entreos dias25 e 26de abril, foi constatado que a empresa apresenta falhas graves nas Boas Práticas de Fabricação, como: estrutura e limpeza inadequadas, falta de controle de temperatura e umidade, exaustão ineficiente, equipamentos danificados, uso de matérias-primas vencidas,mistura inadequada entre linhas deprodução,ausência de lavatórios e materiais para higienização das mãos, falhas na rastreabilidade e uso de embalagens impróprias.          "
Anvisa proíbe creme redutor de medidas por falta de registro,https://www.gov.br/anvisa/pt-br/assuntos/noticias-anvisa/2026/anvisa-proibe-creme-redutor-de-medidas-por-falta-de-registro,28/05/2026,"Uma medida publicada pela Agência Nacional de Vigilância Sanitária (Anvisa) nesta quinta-feira (28/5) determinou a proibição da venda, da distribuição, da divulgação e do uso do creme redutor de medidas Popozuda BumbumBrazil, da empresa JSA Indústria de Cosméticos Ltda (CNPJ: 38479255000151). Além da proibição, a ação fiscal determina o recolhimento de todos os lotes do produto, a ação fiscal determina o recolhimento dos produtos. Apesar de ser comercializado e divulgado, o creme não possui registro na Anvisa. AC2 Pro Dub Boyz A Agência também determinou o recolhimento e proibiu o uso do saneante AC2 Pro Dub Boyz, fabricado pela empresa Qualy Química Ltda (CNPJ: 08185734000102). Foi constatada a venda e a divulgação do produto que, além de não ter registro sanitário, está classificado de forma incorreta em relação ao risco. Podutos saneantes são classificados em duas categorias - Risco 1 e Risco 2 - de acordo com o potencial de dano à saúde. ConfiraResolução 2.128/2026não foi mais no Diário Oficial da União."
Anvisa determina recolhimento de coco ralado da marca Casa de Mãe,https://www.gov.br/anvisa/pt-br/assuntos/noticias-anvisa/2026/anvisa-determina-recolhimento-de-coco-ralado-da-marca-casa-de-mae,28/05/2026,"A Agência Nacional de Vigilância Sanitária (Anvisa) determinou, nesta quinta-feira (28/5), o recolhimento dolote13/25do coco ralado da marca Casa de Mãe.Laudo feito pelo Lacen/DF apontou resultadoinsatisfatório no ensaioquantitativo de dióxido de enxofre no produto.Apesar deasubstânciaserautorizada como conservante de alimentos,há limites estabelecidos para sua utilização. Além do recolhimento, a Anvisa determinou a suspensãoda distribuição,da venda, dadivulgação e douso do produto fabricado pela Qualicoco Ltda. (CNPJ: 04522379000665). Leia aResolução 2.133/2026noDiárioOficial da União (DOU)."
Anvisa aprimora transparência das filas de análise de produtos biológicos e radiofármacos,https://www.gov.br/anvisa/pt-br/assuntos/noticias-anvisa/2026/anvisa-aprimora-transparencia-das-filas-de-analise-de-produtos-biologicos-e-radiofarmacos,28/05/2026,"A Agência Nacional de Vigilância Sanitária (Anvisa) comunica a implementação de mudanças na forma de disponibilização das filas de análise de petições relacionadas ao registro e pós-registro de produtos biológicos e radiofármacos na plataformaConsultas Anvisa. A medida tem como objetivo ampliar a transparência das ações da Agência e facilitar o acompanhamento por parte do setor regulado e da sociedade. Atualmente, a visualização das filas está organizada em três categorias distintas: fila ordinária, fila prioritária, nos termos daResoluçãoda DiretoriaColegiada (RDC)205/2017, e fila prioritária, conforme aRDC1.001/2025. Com a atualização, a estrutura passará a contar com apenas duas filas:fila ordináriaefila prioritária. Na nova configuração, a fila prioritária consolidará todas as petições de registro e alterações pós-registro que atendam aos critérios vigentes de priorização, independentemente da norma que fundamentou a concessão da prioridade. Adicionalmente, também serão incluídas nessa fila as petições inicialmente protocoladas como ordinárias, mas que posteriormente tiveram sua priorização aprovada pela Anvisa, a partir de solicitação da empresa e do cumprimento dos requisitos aplicáveis daRDC 1.001/2025. Até o momento, nos casos em que uma petição ordinária é priorizada, seu status é atualizado para “Petição priorizada aguardando análise técnica”, no sistema internoDatavisa. No entanto, essas petições não são refletidas nas filas prioritárias atualmente disponíveis na plataforma Consultas. Com a mudança, essas petições passarão a ser exibidas na fila prioritária, o que proporcionará uma visão mais completa e fiel do conjunto de processos em análise prioritária na Agência. A Anvisa destaca que a fila prioritária é dinâmica e poderá sofrer alterações ao longo do tempo, à medida que novas petições ordinárias tenham solicitação de priorização concedida, visto que a ordem cronológica é organizada pela data da submissão da petição principal. Com a nova forma de divulgação das filas, todas as petições priorizadas — independentemente da RDC que embasou a decisão — passam a ser apresentadas de maneira unificada, conferindo maior clareza e transparência ao processo regulatório. A iniciativa integra os esforços contínuos da Anvisa para fortalecer a transparência, a previsibilidade regulatória e a comunicação com os atores envolvidos, contribuindo para um ambiente regulatório mais claro e eficiente. Entenda as diferenças entre as priorizações previstas nas normativas vigentes A priorização de análises na Anvisa segue critérios definidos em normativas específicas, que estabelecem hipóteses e requisitos para que determinadas petições tenham tratamento mais célere. No caso de produtos biológicos e radiofármacos, destacam-se as regras previstas nasRDCs205/2017 e 1.001/2025. ARDC 205/2017estabelece critérios tradicionais de priorização, voltados principalmente a situações de relevância em saúde pública, como produtos destinados ao tratamento, diagnóstico ou prevenção de doenças raras. Já aRDC1.001/2025introduz uma abordagem mais ampla e atualizada para a priorização de petições, incorporando novos critérios e alinhamentos com práticas regulatórias internacionais. Essa normativa considera, por exemplo, aspectos relacionados à inovação, ao impacto sanitário e ao fortalecimento do acesso a produtos relevantes para a população. Apesar das diferenças nos critérios e no contexto de aplicação de cada normativa, ambas têm como objetivo comum permitir que produtos considerados estratégicos ou de maior relevância em saúde pública sejam analisados com maior celeridade. "
Anvisa institui Câmara Técnica de Biovigilância,https://www.gov.br/anvisa/pt-br/assuntos/noticias-anvisa/2026/anvisa-institui-camara-tecnica-de-biovigilancia,27/05/2026,"A Agência Nacional de Vigilância Sanitária (Anvisa) passa a contar com uma Câmara Técnica de Biovigilância (Catebio). Instituída pelaPortaria 543/2026, a nova estrutura técnica está vinculada à Gerência-Geral de Monitoramento de Produtos Sujeitos à Vigilância Sanitária (GGMON) e possui caráter consultivo. A criação da Catebio fortalece a estrutura técnico-científica dedicada à vigilância pós-uso de células, tecidos e órgãos humanos em procedimentos de transplantes, enxertos e reprodução humana assistida no Brasil."
Anvisa fará consulta pública para criação do Sistema Nacional de Farmacovigilância,https://www.gov.br/anvisa/pt-br/assuntos/noticias-anvisa/2026/anvisa-fara-consulta-publica-para-criacao-do-sistema-nacional-de-farmacovigilancia,27/05/2026,"A Agência Nacional de Vigilância Sanitária (Anvisa) aprovou nesta quarta-feira (27/5)proposta de Consulta Públicaque trata da minutadeResolução da Diretoria Colegiada (RDC) para acriação do Sistema Nacional de Farmacovigilância (Sinaf), que funcionarácomo um subsistema integrado ao Sistema Nacional de Vigilância Sanitária (SNVS). O principal objetivo da iniciativa é formalizar uma estrutura de governança cooperativa capaz de monitorar, de forma contínua, os riscos e eventos adversos associados ao uso de medicamentos após a sua entrada no mercado de consumo. Adecisãoocorreuna9ª Reunião Ordinária Pública da Diretoria Colegiada de 2026.O relator dapropostaaprovada, diretor substituto Marcelo Moreira, destacou em seu votoqueaminutado textonormativonasce com o propósito de estabelecer de formaobjetivaas responsabilidades eatribuiçõesdos diversosatoresenvolvidos.Aminutada RDC, que ficará sob consulta por 45dias, buscaaprimorar a gestão de riscosrelacionados ao uso de medicamentos, fortalecendo a segurança sanitáriae contribuindopara a proteção da saúde pública, emconsonânciacom os princípios constitucionaisdo federalismo cooperativo. Segundo ele, a criação doSinafreafirmaa missão institucional da Anvisa empavimentar um projeto regulatório nacional que não mais seja centradosomente nas ações de registro e autorização prévias,mas quetambémseja suportado por avaliações confiáveis de pós-mercado.“Essas são grandes fontes para o desenho de medidas regulatórias como alertas, cancelamentos de registro e regulamentações específicas, a exemplo da norma de controle de receitas para medicamentos agonistas do GLP-1”, destacou, emtrecho do voto. Cenário epidemiológicoA diretoria aprovou ainda umainstrução Normativa (IN)que atualizaa IN 389/2025a respeito das medidas de saúde temporárias a serem adotadas para portos e aeroportos frente ao atual cenário epidemiológico no Brasil. Em relação ao recente surto de Ebola na República Democrática do Congo (RDC) e em Uganda classificado pela Organização Mundial da Saúde (OMS)como Emergência de Saúde Pública de Importância Internacional, foimantido o estágio operacional demobilizaçãoe vigilância ativa.No momento, não há indicação de medidas restritivas para pessoas, meios de transporte, cargas e restos mortais. A novidade seráa divulgaçãodemateriais informativosdirecionados aos viajantes em áreas de desembarque internacional. A respeito do sarampo foram mantidas asações de vigilância epidemiológica e divulgação de materiais informativos, visando ampliar a sensibilidade para identificação precoce de casos suspeitos entre viajantes. Em relação àpoliomielite, não há recomendação de medidas de saúde para pontos de entrada do país. Sistema Nacional de Controle de Receituários A diretoria também aprovou alteraçõesRDC 1.000/2025, que estabeleceu os requisitos para notificações de receita, receitas de controle especial e receitas sujeitas à retenção emitidas em meio eletrônico.Entre elas está o estabelecimento do dia 30 de setembro de 2026 como teto temporal para que a Anvisa disponibilize a plataforma do Sistema Nacional de Controle de Receituários (SNCR). A partir desta data,o sistema passará a funcionar como a fonte única e centralizada para a geração de chaves e controle numérico nacional das receitas. O SNCRreceberá a requisição de numeração para a emissão eletrônica dos receituários eletrônico, bem como o respectivo registro de utilização. Outrasaprovaçõesdo dia envolverampropostasde IN para dispor sobre a alteração de monografias de ingredientes ativos na Relação de Ingredientes Ativos de Agrotóxicos, Saneantes,Desinfestantese Preservativos de Madeira, publicada por meio daIN 103/2021. Veja mais fotos da9ª Reunião Ordinária Pública da Diretoria Colegiada de 2026no Flickr da Anvisa. Use as setas à esquerda e à direita para navegar e clique na foto para a acessar em diferentes resoluções  Reveja a9ª Reunião Ordinária Pública da Diretoria Colegiada de 2026 no canal da Anvisa no YouTube "
27 anos dos medicamentos genéricos no Brasil,https://www.gov.br/anvisa/pt-br/assuntos/noticias-anvisa/2026/27-anos-dos-medicamentos-genericos-no-brasil,26/05/2026,"Na manhã desta terça-feira (26/5), uma solenidadecomemorouos 27 anos dos medicamentos genéricos no Brasil.A cerimônia,realizadano auditório daAgência Nacional de Vigilância Sanitária (Anvisa),reuniuservidores econtou com as presenças do diretor-presidente da Agência, Leandro Safatle,e dosdiretoresThiago CamposeDaniela Marreco.Também participaram do evento osecretário-adjunto de Ciência, Tecnologia e Inovação em Saúde do Ministério da Saúde (SCTIE/MS), Eduardo Jorge, eopresidente-executivo daAssociação Brasileira das Indústrias de Medicamentos Genéricos e Biossimilares (Pró-Genéricos), Tiago de Moraes Vicente Leandro Safatle destacou que os genéricos sãohojeuma realidade no país, o que se comprovapelaboa aceitação desses produtos pela população brasileira. Segundo ele,muito disso se deveàcredibilidade que foi construída ao longo desses 27 anos. Leandro ressaltou: “A Anvisa veio junto com os genéricos e parte desse sucesso dos genéricos se deve ao trabalho que a Agênciafez”. “Isso significa acesso à saúde para a população brasileira.Hoje éum dia,de fato,para se comemorar, a Anvisa está muito orgulhosa de estar recebendo esse evento” finalizou. OdiretorThiago Camposfez questão de lembrarqueaLei dosGenéricostem o mesmotempode vida daAnvisa.Ao falar que a celebração da data é um marco significativopara o país, ele frisou que a celebração em um evento realizado na Agência é ainda maior. “Issomostrao quanto a gente andou junto,o quanto uma regulação estatal comprometida e alinhada com capacidade produtiva nacional para produção da nossa soberania sanitária é fortalecida quando caminham juntas”. A diretora Daniela Marreco também ressaltoua importância de comemoraros 27 anos dos medicamentos genéricos no Brasil. Segundo ela, os genéricosimpulsionaramo fortalecimento da produção nacional de medicamentos efacilitamo acesso aos medicamentospela população. “Os dados mostram que,quandoo primeiro genéricoentra no mercado,a gente temuma redução de 20% no preço daquele produto.Apartir da entradado terceiro genérico, já há uma redução superior a 50%.Isso faz com que a população tenha acessoa essesmedicamentos que,graças ao papel da Anvisa,têm a qualidade,asegurançaea eficácia comprovadas”,disseDaniela. Acesso amplo Quando a Lei 9.787/1999 entrou em vigor, foi estabelecido um novo capítulo na saúde pública, costurando uma rede mais resistente de fornecimento de medicamentos de alta qualidade por meio da promoção da concorrência no mercado farmacêutico. Com isso, foi possível reduzir a dependência de produtos exclusivos e atenuar os riscos de desabastecimento. Além disso, a intercambialidade entre medicamentos de marca e genéricos, atestada no país por rigorosos testes de bioequivalência, consolidou a confiança dos profissionais e consumidores nos genéricos, que hoje representam uma significativa economia para os usuários e para o sistema de saúde. A política impulsionou o acesso amplo a medicamentos, oferecendo-os a preços no mínimo 35% mais baixos em comparação aos de referência, beneficiando sobretudo a parcela de baixa renda da população. A estratégia de precificação dos genéricos se mostrou um elemento chave nesse processo. No ano de 2022, a maioria das vendas dos genéricos se concentrou na faixa de preço abaixo de R$ 20,00 a caixa, favorecendo o acesso da população a medicamentos que atendem às suas necessidades.Veja mais fotos da solenidade no Flickr da Anvisa. Use as setas à esquerda e à direita para navegar e clique na foto para a acessar em diferentes resoluções "
Anvisa e Mapa lançam plataforma unificada para modernizar processos de defensivos agrícolas,https://www.gov.br/anvisa/pt-br/assuntos/noticias-anvisa/2026/anvisa-e-mapa-lancam-plataforma-unificada-para-modernizar-processos-de-defensivos-agricolas,26/05/2026,"O Ministério da Agricultura e Pecuária (Mapa) e a Agência Nacional de Vigilância Sanitária (Anvisa) lançaram, nesta terça-feira (26/5),o Sistema Unificado de Informação, Petição e Avaliação Eletrônica (SISPA), plataforma digital que busca integrar e modernizar os processos regulatórios relacionados aos defensivos agrícolas no Brasil. A iniciativa reúne órgãos federais, setor produtivo e instituições parceiras. Durante o evento, o diretor-presidente daAnvisa, Leandro Safatle, destacou quea iniciativasurgiua partir de uma demanda técnica dos próprios servidores. “O projeto nasce de um desejo interno.Havia dificuldade de comunicação entre diferentes sistemas e agora vemos uma integração importante entre os atores envolvidos”, afirmou. Safatle também ressaltou os ganhosemeficiência regulatória. “Estamos falando de integração e transparência, com acompanhamento do setor privado e de todo o ecossistema envolvido, trazendo maior eficiência”, disse o diretor-presidenteda Anvisa. Transformação digital O ministro da Agricultura e Pecuária, André de Paula, afirmou que o SISPA faz parte do processo de transformação digital da defesa agropecuária brasileira. Segundo ele, a plataforma deve ampliar a competitividade do setor e fortalecer os mecanismos de monitoramento e controle. “Essa solução é fruto de uma construção coletiva, feita por muitas mãos, com diálogo e cooperação institucional”, declarou. O secretário-executivo do Mapa, Cleber Soares, e opresidente da Agência Brasileira de Cooperação (ABC), embaixador Ruy Pereira,também participaram do lançamento. Durante o encontro, representantes destacaram que a iniciativa poderá contribuir para ampliar a cooperação técnica com países da América Latina e da África, além de fortalecer a inserção do Brasil em mercados internacionais mais exigentes."
Anvisa aprova ampliação de uso de medicamento oncológico,https://www.gov.br/anvisa/pt-br/assuntos/noticias-anvisa/2026/anvisa-aprova-ampliacao-de-uso-de-medicamento-oncologico,26/05/2026,"A Agência Nacional de Vigilância Sanitária(Anvisa)autorizou aampliação do uso doTevimbra®(tislelizumabe)parapacientes adultos com câncer de pulmão de células não pequenas (CPCNP) ressecável-isto é, passível de remoção completa por meio de cirurgia — com alto risco de recorrência. O medicamento poderá ser usado em combinação com quimioterapia contendo platinaantes de procedimentocirúrgicoe, posteriormente,como terapia complementar. O produto já possui registro no Brasil para outras indicações oncológicas e, com a aprovação do novo registro,passa a integrar o arsenal terapêutico para o tratamentodo CPCNP.Esse tipo decâncer representa a maior proporção dos cânceres de pulmão e permanece associado a elevadas taxas de recorrência e mortalidade, mesmo em pacientes diagnosticados em estágios passíveis de ressecção cirúrgica. Leia aResolução 2.059/2026no Diário Oficial da União (DOU)."
Acompanhe a 9ª Reunião Ordinária Pública da Diretoria Colegiada da Anvisa,https://www.gov.br/anvisa/pt-br/assuntos/noticias-anvisa/2026/acompanhe-a-9a-reuniao-ordinaria-publica-da-diretoria-colegiada-da-anvisa,26/05/2026,"Nesta quarta-feira (27/5), os diretores da Agência Nacional de Vigilância Sanitária (Anvisa) se reúnem, a partir das 9h30, para a 9ª Reunião Ordinária Pública de 2026. Acompanhe a transmissão nocanal da Anvisa no YouTube. Veja apauta completada reunião. Asminutas das propostasem fase de deliberação tambémjá podem ser consultadas. 9ª Reunião Pública da Diretoria Colegiada (Dicol) de 2026 Data:27/5Horário:9h30Local: a reunião será realizada na sala de reuniões daDicol, na sede da Anvisa, em Brasília (DF) "
Anvisa aprova primeira caneta de semaglutida sintética análoga ao Ozempic para diabetes,https://www.gov.br/anvisa/pt-br/assuntos/noticias-anvisa/2026/anvisa-aprova-primeira-caneta-de-semaglutida-sintetica-analoga-ao-ozempic-para-diabetes,26/05/2026,"A Agência Nacional de Vigilância Sanitária (Anvisa) publicou nesta terça-feira (26/5) o registro do medicamento Ozivy. O produto é a primeira caneta de semaglutida sintética análoga ao produto biológico liberado para comercialização no Brasil. Ou seja, o novo medicamento é uma cópia em versão sintética de um medicamento originalmente biológico registrado na Anvisa. O medicamento usa o mesmo princípio ativo do Ozempic, que teve sua patente expirada em 20 de março. O pedido de registro do medicamento com semaglutida sintética chegou em 2023 e passou pelo processo técnico de comprovação de eficácia, segurança e qualidade feita por meio do registro na Anvisa. O pedido de registro foi feito pelo laboratório EMS/SA e seguiu a ordem cronológica e de prioridade para medicamentos do tipo GLP-1, popularmente conhecidos como canetas emagrecedoras. As prioridades, que incluem a semaglutida, foram definidas nos termos doEdital de Chamamento12/2025. Atualmente, outros cinco medicamentos de origem sintética e um de origem biológica da semaglutida seguem em análise na Agência, além de outros processos que estão na fila. Indicação aprovada Ozivy poderá ser usado para o tratamento deadultos com diabetes mellitus tipo 2insuficientemente controlado, como adjuvante à dieta e exercício: O produto será apresentado como solução injetável, em caneta preenchida para administração semanal. A forma de conservação do novo produto é diferente do medicamento originador (Ozempic). Ele deve ficar armazenado em geladeira (em temperaturas de 2 °C a 8 °C) antes e depois de iniciado o tratamento. A conservação do Ozempic é diferente e exige esse armazenamento refrigerado apenas antes do uso, podendo ficar até 30ºC por até seis semanas após o paciente iniciar as doses. Veja as opções de apresentações aprovadas e que poderão ser oferecidas pelo laboratório: Como todos os medicamentos do tipo GLP-1, a semaglutida sintética está sujeita à prescrição de receita médica em duas vias. Desafio técnico A avaliação dos análogos sintéticos de semaglutida é tratada como um desafio técnico para as agências reguladoras em todo o mundo. A Anvisa é uma das primeiras a registrar esse tipo de produto. Até então, os medicamentos de semaglutida registrados no Brasil eram todos biológicos, elaborados a partir de insumo farmacêutico ativo (IFA) biológico. Os medicamentos biológicos são moléculas complexas e podem ser obtidas a partir de fluidos biológicos, tecidos de origem animal ou ainda de procedimentos biotecnológicos, por meio de manipulação ou inserção de outro material genético (DNA recombinante) ou alteração dos genes. Essa categoria inclui, entre outros, vacinas, soros hiperimunes, hemoderivados, anticorpos monoclonais e análogos de GLP-1 feitos por processo biológico, como é o caso da semaglutida. Eles costumam ser aplicados por via injetável (endovenosa ou subcutânea) para garantir a integridade estrutural e funcional das substâncias. Mas também é possível o seu uso pela forma oral. Já os análogos sintéticos são feitos por síntese química, o que resulta em moléculas menores e mais estáveis que podem ser reproduzidas de forma idêntica. São comumente utilizados por diversas vias, como oral, injetável, inalatória e oftálmica. Esses produtos são considerados de alta complexidade, pois compartilham características típicas de medicamentos sintéticos (por exemplo, resíduos de solventes no processo, resíduos de catalisadores metálicos, impurezas com estrutura química semelhante) e também de biológicos, como risco de imunogenicidade, formação de agregados, entre outros. Ozivy é um medicamento genérico? É importante destacar que o Ozivy não é um medicamento genérico, já que não há genérico de produtos biológicos conforme regulação brasileira. O produto é classificado como medicamento novo, sendo um análogo sintético de produto biológico. Quando o medicamento estará disponível no mercado? Após o registro na Anvisa, o medicamento pode ser comercializado após a aprovação do preço máximo pela Câmara de Regulação do Mercado de Medicamentos (CMED). A empresa que possui o registro, porém, é que decide quando o medicamento será colocado à venda. Para que o produto esteja disponível no Sistema Único de Saúde (SUS), ele precisa ser avaliado e recomendado pela Comissão Nacional de Incorporação de Tecnologias no SUS (Conitec) e aprovado pelo Ministério da Saúde. Vale lembrar que nem todos os medicamentos registrados na Anvisa passam pela avaliação da Conitec ou são incorporados ao SUS. Leia aResolução 2.122/2026 no Diário Oficial da União (DOU)."
Webinar trará esclarecimentos sobre o  Projeto Agora tem Especialistas,https://www.gov.br/anvisa/pt-br/assuntos/noticias-anvisa/2026/webinar-trara-esclarecimentos-sobre-o-projeto-agora-tem-especialistas,25/05/2026,"Na próxima segunda-feira (1º/6), a Agência Nacional de Vigilância Sanitária (Anvisa) irá promover um webinar,a partir das 15h, para tratar do Projeto Agora tem Especialistas - Unidades Móveis de Atenção à Saúde Especializada. Em abril, a Anvisa publicou as Notas Técnicas(NTs)Conjuntas105/2026e106/2026, elaboradas em parceria com o Ministério da Saúde e o Conselho Nacional de Secretarias Municipais de Saúde (Conasems) que tratam das diretrizes para unidades móveis de atenção especializada no SUS. As duas complementam aNT 378/2025, que trata dos serviços móveis de saúde da mulher. Os documentos orientam a implantação e o funcionamento de Unidades Móveis de Atenção à Saúde Especializada no âmbito do Programa Agora Tem Especialistas. As notas técnicas apresentam diretrizes para a organização de uma estratégia complementar de ampliação do acesso a serviços especializados no Sistema Único de Saúde (SUS), especialmente em territórios com demanda reprimida, limitações de infraestrutura ou dificuldades de acesso. A iniciativa busca contribuir para a redução do tempo de espera por consultas, exames e procedimentos, com articulação às redes locais e garantia da continuidade do cuidado. Como participar Para participar do evento, basta clicar no link abaixo, no dia e horário agendados. Nãoé preciso fazer cadastro prévio. Dia 1º/6 às 15h –Webinar regional - Norte e Nordeste:ProjetoAgora tem Especialistas - Unidades Móveis de Atenção à Saúde Especializada O que é um webinar? Webinar é um seminário on-line, transmitido pela internet, que permite a interação entre os participantes e os apresentadores. Para saber mais, acesse a página específica dewebinaresrealizados pela Anvisa."
Comissão de Ética da Anvisa se solidariza com diretor Thiago Campos,https://www.gov.br/anvisa/pt-br/assuntos/noticias-anvisa/2026/comissao-de-etica-da-anvisa-se-solidariza-com-diretor-thiago-campos,25/05/2026,"A Comissão de Ética da Agência Nacional de Vigilância Sanitária (CEAnvisa) publicou nota de repúdio aos recentes ataques racistas e ofensivos ao diretor da Agência Thiago Campos. Leia a íntegra danota: A Comissão de Ética da Anvisa (CEAnvisa) manifesta seu mais veemente repúdio aos recentes ataques dirigidos ao diretor da Agência, Thiago Lopes Cardoso Campos, nas redes sociais. Conforme amplamente noticiado, a gravidade dos fatos motivou, inclusive, a atuação da Advocacia-Geral da União (AGU), que expediu notificação extrajudicial à plataforma digital responsável, requerendo a remoção dos conteúdos discriminatórios, em razão de seu caráter manifestamente racista e ofensivo. Os ataques veiculados constituem grave violação à dignidade da pessoa humana e afrontam os princípios constitucionais da igualdade e do respeito à diversidade, igualmente defendidos pelo Fórum Nacional de Gestão da Ética e da Integridade na Administração Pública, do qual a Anvisa é partícipe. Além disso, configuram condutas incompatíveis com os valores éticos que devem nortear a convivência em sociedade e o debate público. É inadmissível que agentes públicos sejam alvo de agressões discriminatórias emrazão de sua aparência, origem ou identidade racial, especialmente quando tais manifestações buscam desqualificar sua capacidade técnica e sua legitimidade para o exercício de funçõespúblicas. A Comissão de Ética da Anvisa reafirma que racismo é crime e que práticasdiscriminatórias não podem ser naturalizadas nem toleradas em qualquer ambiente, inclusive nas plataformas digitais. O respeito à diversidade, à dignidade humana e à integridade das pessoas constitui valor inegociável da Administração Pública e da sociedade democrática. Ao solidarizar-se com o diretor Thiago Campos, esta Comissão reitera seu compromisso com a promoção da ética, da equidade e do respeito, repudiando toda e qualquer forma de discriminação, preconceito e violência racial. COMISSÃO DE ÉTICA DA AGÊNCIA NACIONAL DE VIGILÂNCIA SANITÁRIA"
Boletim de maio destaca ações nacionais voltadas à segurança do paciente,https://www.gov.br/anvisa/pt-br/assuntos/noticias-anvisa/2026/boletim-de-maio-destaca-acoes-nacionais-voltadas-a-seguranca-do-paciente,25/05/2026,"Já estádisponível aedição 66 do Boletim SNVS, com as principais ações de vigilância sanitária realizadas neste mês demaio. O principal destaque desta edição é a celebração doAbrilLaranja, campanha voltada para o Programa Nacional de Segurança do Paciente (PNSP). Sob o tema ""Qualidade, segurança e vidas protegidas: um compromisso permanente do SUS"", a agência reforça que a redução de riscos e a prevenção de danos evitáveis no atendimento hospitalar devem se traduzir em práticas diárias e permanentes em todas as unidades de saúde,doatendimento básico aos grandes complexos hospitalares. Confira outras ações e atualizações do período. Diretrizes para unidades móveis no SUS Em uma ação conjuntaentreAnvisa,Ministério da Saúde e oConselho Nacional de Secretarias Municipais de Saúde (Conasems), foram publicadas as Notas Técnicas Conjuntas105/2026e106/2026. Os documentos regulamentam a infraestrutura e o funcionamento de Unidades Móveis de Atenção Especializada para o programa Agora Tem Especialistas, focando na redução de filas de exames e consultas e garantindo o controle de infecções nessas estruturas. Reformulação do Código Sanitário A Assessoria do SNVS (ASNVS) iniciou um levantamento nacionaljunto agestores estaduais e municipais para subsidiar a reestruturação do Código Sanitário. O projeto será dividido em eixos que organizam desde as competências administrativas até os processos de licenciamento, buscando a harmonização de conceitos legais em todo o território nacional. Alinhamento dorecall desaneantes O boletim também detalha a reunião técnica promovida para alinhar as condutas referentes à suspensão de lotes específicos de produtos da marca Ypê. A Anvisa manteve a restrição para os lotes com numeração final 1 devido a inconformidades na fabricação, exigindo que a empresa apresente planos de mitigação de riscos antes de novas liberações. Qualificação de Gestão (SGQ) eintegraçãoregional Foram reportados os resultados dos Encontros Regionais da Qualidade, ocorridos em capitais como São Paulo e Belo Horizonte, em parceria com o Hospital Alemão Oswaldo Cruz. Os encontros focaram no Programa deAutoimplementaçãodo Sistema de Gestão da Qualidade (SGQ), visando desatar nós críticos das vigilâncias locais, como o fluxo de documentos físicos e a lentidão na concessão de licenças. Engajamento ealertas emsaúde A publicação destaca ainda a participação da vigilância sanitária em debates estratégicos, como o seminário sobre intoxicações alimentares causadas pela Doença deHaff,conhecida como ""doença da urina preta"",no Nordeste, e o convite aberto à sociedade civil e agentes públicos para construir o legado regulatório da Copa do Mundo de Futebol Feminino 2027.  A íntegra da edição do Boletim do SNVS e o acesso aos formulários, links oficiais de consulta e notas técnicas completas podem ser consultados diretamente no portal da Anvisa."
Anvisa autoriza novo medicamento para enxaqueca,https://www.gov.br/anvisa/pt-br/assuntos/noticias-anvisa/2026/anvisa-autoriza-novo-medicamento-para-enxaqueca,25/05/2026,"A Agência Nacional de Vigilância Sanitária (Anvisa) aprovou nesta segunda-feira (25/5) o registro de um novo medicamentopara enxaqueca.Nurtec® ODT(hemissulfatoderimegepantosesqui-hidratado)é indicadoparaadultosnotratamento agudo da enxaqueca com ou semaurabem como no tratamentopreventivoda enxaqueca episódica, em pacientes adultos com pelo menos quatro crises por mês. O princípio ativo do produto é ohemisulfatoderimegepantosesqui-hidratado, que pertence a uma nova classe de medicamentos voltados ao tratamento direto da enxaqueca. O medicamento da Pfizer age no bloqueio da ação da calcitonina (CGRP),proteínaque causa a inflamação e a dor da enxaqueca. Doença crônica e incapacitante A enxaqueca é uma doença neurológica grave, crônica e incapacitante, caracterizada por ataques de dor de cabeça moderada a grave, associada a outros sintomas como náusea, vômito, fotofobia e fonofobia. Os ataques de enxaqueca geralmente duram dequatroa 72 horas se não forem tratados ou tratados sem sucesso. Pessoas com enxaqueca podem apresentar uma aura cerca de 30 minutos aumahora antes do início da dor de cabeça. Veja aResolução 2.015/2026no Diário Oficial da União (DOU).  "
Novo registro de genérico amplia acesso ao tratamento de diabetes tipo 2,https://www.gov.br/anvisa/pt-br/assuntos/noticias-anvisa/2026/novo-registro-de-generico-amplia-acesso-ao-tratamento-de-diabetes-tipo-2,25/05/2026,"AAgência Nacional de Vigilância Sanitária (Anvisa)concedeunesta segunda-feira (25/5)o registro do primeiro medicamento genéricoque contémdapagliflozinaecloridrato de metformina. O produtoé equivalente ao medicamento de referênciaXigduo XR,indicado parapacientesadultos com diabetes mellitus tipo2. O produto, daEurofarma,combina dois princípios ativos para otimizar o controle do açúcar no sangue.Adapagliflozinabloqueiaaproteína responsável pela reabsorção de glicose (açúcar) no rim, fazendo com que essa glicose seja eliminada na urina.Já ametformina diminui a produção de glicose no fígado, reduzsuaabsorção intestinale melhoraa sensibilidade à insulina. A chegada do genérico ao mercado é considerada um avanço importante para os pacientes, uma vez que esse tipo de medicamento tem preços mais acessíveis, mantendo os mesmos padrões de qualidade, segurança e eficácia exigidos para o produto de referência.Com isso, atendência éampliaro acesso ao tratamento, especialmente para pessoas que necessitam do uso contínuo da medicação. Como todo medicamento genérico aprovado pela Anvisa, esse novo produtopassou por avaliação técnica rigorosa, que comprova sua equivalência terapêutica em relação ao produto de referência.A Lei dos Genéricos(Lei 9.787/1999)determina que os medicamentos genéricos devem ser, no mínimo, 35% mais baratos que os medicamentos de referência. Leia aResolução 2.105/2026no Diário Oficial da União."
Evento discutirá oportunidades de colaboração internacional em regulação de medicamentos,https://www.gov.br/anvisa/pt-br/assuntos/noticias-anvisa/2026/evento-discutira-oportunidades-de-colaboracao-internacional-em-regulacao-de-medicamentos-1,25/05/2026,"A Agência Nacional de Vigilância Sanitária (Anvisa), em conjunto com a Associação da Indústria Farmacêutica de Pesquisa (Interfarma), o Sindicato da Indústria de Produtos Farmacêuticos (Sindusfarma) e aInternationalFederationofPharmaceuticalManufacturersandAssociations(IFPMA), realizará o evento “ICHCollaborationOpportunitiesforBrazil”, no dia 1º de junho, a partir das 17h15, no Hotel Windsor Barra, no Rio de Janeiro. O encontro acontece às margens da reunião doInternationalCouncilforHarmonisationofTechnicalRequirementsforPharmaceuticalsforHumanUse(ICH)no Brasil e reunirá representantes da Anvisa, da indústria farmacêutica e de instituições internacionais para debater oportunidades de colaboração no âmbito da harmonização regulatória de medicamentos. A iniciativa tem como objetivo promover o intercâmbio de experiências e perspectivas sobre a atuação no contexto internacional e no ICH, bem como incentivar a participação de especialistas brasileiros em iniciativas voltadas ao alinhamento de requisitos técnicos regulatórios. Confira aprogramaçãodo evento. Inscrições Os interessados em participar remotamente podem se inscrever por meio do formulário eletrônico:https://forms.cloud.microsoft/r/k6yU5z8FLV ·Evento:ICHCollaborationOpportunitiesforBrazil ·Data:1º de junho de 2026 ·Horário:a partir das 17h15 ·Inscrições:https://forms.cloud.microsoft/r/k6yU5z8FLV "
Anvisa aprova novo medicamento para doença de Parkinson,https://www.gov.br/anvisa/pt-br/assuntos/noticias-anvisa/2026/anvisa-aprova-novo-medicamento-para-doenca-de-parkinson,25/05/2026,"A Agência Nacional de Vigilância Sanitária (Anvisa) aprovou, nesta segunda-feira (25/5), o registro doVyalev®(foslevodopa/foscarbidopahidratada),produto indicadopara trataras flutuações motorasgraves e debilitantesem pacientes com doença de Parkinsonavançadaque não respondem aos tratamentosdisponíveis. Essas flutuações são variações na resposta ao tratamento, que alternam momentos em que a medicação funciona bem e períodos de retorno dos sintomas. O mecanismo de ação do novo medicamento, administrado por meio de solução para infusão subcutânea contínua, durante 24 horas por dia,busca justamente evitar essas oscilações. Os componentes de Vyalev® trabalham em conjunto. Enquanto afoslevodopaaumenta a quantidade de dopamina para reduzir os problemas de movimento, afoscarbidopamelhora o efeito dafoslevodopa. Dopamina Adoença de Parkinsoné uma doença degenerativa do sistema nervoso central, crônica e progressiva. Elaocorre devido à degeneração das células situadas na substância negra do cérebro, que produzem o neurotransmissordopamina. Um neurotransmissor é umasubstância química que ajuda na transmissão de mensagens entre as células nervosas. No caso do Parkinson, aredução da produção dedopaminaafetaos movimentos e provoca os sintomas da doença, que podem ser motores— entre eles, tremores de repouso e anormalidades posturais — e não motores — como alterações do olfato, depressão e prejuízos cognitivos, entre outros. Confira aResolução 2.105/2026no Diário Oficial da União."
Anvisa proíbe produtos da marca Now Foods,https://www.gov.br/anvisa/pt-br/assuntos/noticias-anvisa/2026/anvisa-proibe-produtos-da-marca-now-foods,25/05/2026,"A Agência Nacional de Vigilância Sanitária (Anvisa) determinou nesta segunda-feira (25/5) a apreensão de23medicamentos da marcaNowFoods. Os produtos,daUptownComércio e Serviços Ltda.(CNPJ: 44.479.024.0001-40),não podem serimportados, fabricados, distribuídos, vendidosou utilizados. Apesar de nãopossuíremregistro, notificação ou cadastro na Agência, os medicamentosvinham sendodivulgados ecomercializadospela internet. Confira a lista dos produtos daNowFoodsproibidos: Manipulados estéreis AResolução (RE) 2.110/2026, publicada no Diário Oficial da União(DOU), também determinou o recolhimento de todos os medicamentos manipulados estéreis produzidos até 19/12/2025pelaInjemedMedicamentos Especiais Ltda.(CNPJ: 23.664.355/0001-80). Inspeção realizada por técnicos dasVigilâncias Sanitárias do Estado de MinasGeraise do Município de Belo Horizonte comprovou a manipulação irregular de produto estéril,em desacordo com aResolução daDiretoria Colegiada (RDC)67/2007. Recolhimento voluntário A Anvisa suspendeu ainda a venda, a distribuição e o uso do loteP0019875 do medicamentoAldomet250mg com REV CT BL AL PLAS TRANS X30. A fabricante,Aspen Pharma Indústria Farmacêutica LTDA (CNPJ: 02.433.631/0001-20) comunicou o recolhimento voluntárioem razão da detecção de um desvio de qualidade crítico ocorrido no processo de embalagem. Segundo a empresa, blisters da apresentação de 250 mg foram inseridos por engano em cartuchos da apresentação de 500 mg. Oproduto é usado no tratamento docontrole da pressãoarterial. Leia aRE 2.110/2026no DOU. "
Anvisa e vigilâncias do DF e do Tocantins interditam produção irregular de tirzepatida,https://www.gov.br/anvisa/pt-br/assuntos/noticias-anvisa/2026/anvisa-e-vigilancias-do-df-e-do-tocantins-interditam-producao-irregular-de-tirzepatida,22/05/2026,"A Agência Nacional de Vigilância Sanitária (Anvisa), em ação conjunta com aVigilância Sanitária do Distrito Federal e a Vigilância Sanitária do Tocantins,inspecionouduas unidades da empresaNutromni,que atuaexclusivamentena manipulação de produtos de nutrição parenteral -administrados em forma de solução líquida diretamente na corrente sanguínea. Na unidade do Tocantins, a ação interditou aprodução de unidades detirzepatida, uma vez queempresa não tem autorização para manipular agonista do receptor de GLP-1. Durante a operação, foi confirmada, por meio de ordens de manipulação, a produção de aproximadamente 6 mil unidades de preparações comtirzepatida. Entretanto, os estoques físicos correspondentes aos produtos não foram localizados nas unidades inspecionadas. Além disso,durante a inspeção, não foi apresentada comprovação darealizaçãode todos os ensaios necessários para assegurar a qualidade das preparações manipuladas.Sem esses ensaios, não é possível, por exemplo, descartar a possibilidade de contaminaçãobiológica, ou seja, por microrganismos como bactérias e fungos, o que expõe os consumidores a reações graves. Diante dos achados da fiscalização, foi determinada a interdição da manipulação de produtos comtirzepatidapela empresa. As equipes técnicas seguem avaliando a documentação coletada e as informações obtidas durante a ação, o quepode resultarna adoção deoutras medidas sanitárias.  "
Anvisa e Unesco selecionam consultor técnico para apoiar Coordenação de Julgamento das Infrações Sanitárias,https://www.gov.br/anvisa/pt-br/assuntos/noticias-anvisa/2026/anvisa-e-unesco-selecionam-consultor-tecnico-para-apoiar-coordenacao-de-julgamento-das-infracoes-sanitarias,22/05/2026,"O Projeto de Cooperação Técnica Internacional entre a Anvisa e a Organização das Nações Unidas para a Educação, a Ciência e a Cultura (Unesco) seleciona 01 (um) consultor para cada Edital, por tempo limitado, para apoio técnico especializado para subsidiar a Coordenação de Atuação Administrativa e Julgamento das Infrações Sanitárias (CAJIS) no que se refere ao julgamento das infrações sanitárias em 1ª instância e em sede de juízo de retratação. Saiba mais em: Edital nº 01/2026 Edital nº 02/2026 Edital nº 03/2026 Se o seu perfil profissional se adequa ao edital, favor anexar seu currículo e as documentações comprobatórias na Plataforma Roster da Unesco – site: https://roster.brasilia.unesco.org/app/selection-process-list , conforme orientação no Edital. O período para recebimento dos currículos será de 22/5/2026 a 27/5/2026."
Anvisa divulga programação I Encontro Nacional de Cosmetovigilância para Estudantes,https://www.gov.br/anvisa/pt-br/assuntos/noticias-anvisa/2026/anvisa-divulga-programacao-i-encontro-nacional-de-cosmetovigilancia-para-estudantes,22/05/2026,"A Agência Nacional de Vigilância Sanitária (Anvisa) divulga a programação oficial, os links de inscrição e os de acessos virtuais do IEncontro Nacional de Cosmetovigilância para Estudantes de Ciências da Saúde e Ciências Afins (ENCOSM 2026), que será realizado nos dias 10 e 11 de junho, de forma virtual e com participação gratuita. O evento é voltado a estudantes das áreas da saúde e de outras áreas do conhecimento interessados em temas relacionados à cosmetovigilância, à investigação de eventos adversos e à regulação sanitária. O ENCOSM 2026 busca fortalecer a cultura de segurança no uso de produtos de higiene pessoal, cosméticos e perfumes, além de aproximar estudantes das atividades desenvolvidas pela vigilância sanitária brasileira. A iniciativa integra a estratégia da Anvisa de formação de novas gerações de profissionais engajados com a segurança pós-comercialização de produtos cosméticos no país. Inscrição no evento As inscrições já podem ser realizadas por meio do link:Inscrição no ENCOSM 2026 Confira a programação do evento nolink de inscrição. Kit de Primeiros Passos – Ligas Estudantis de Cosmetovigilância Durante o painel “Ligas estudantis como espaço de formação complementar”, previsto para o segundo dia do evento, será apresentado o documentoKit de Primeiros Passos – Ligas Estudantis de Cosmetovigilância,elaborado pela equipe de Cosmetovigilância da Anvisa. O material reúne orientações práticas para a criação, organização e desenvolvimento de ligas acadêmicas voltadas à cosmetovigilância, incluindo sugestões de estrutura, atividades de ensino, pesquisa e extensão e recursos técnicos. Acesse o documento Links de acesso ao evento Dia 10 de junho (8h30 – 12h):Acesso virtual – Dia 10 Dia 11 de junho (8h30 – 12h):Acesso virtual – Dia 11 Serviço Evento:I Encontro Nacional de Cosmetovigilância para Estudantes de Ciências da Saúde e Ciências Afins (ENCOSM 2026) Data:10 e 11 de junho Formato:Virtual e gratuito Realização:Anvisa Visite a página de cosmetovigilância da Anvisa"
Acompanhe o I Seminário de Medicinas Tradicionais e a Nova Agenda Estratégica Regulatória,https://www.gov.br/anvisa/pt-br/assuntos/noticias-anvisa/2026/acompanhe-o-i-seminario-de-medicinas-tradicionais-e-a-nova-agenda-estrategica-regulatoria,22/05/2026,"Nesta sexta-feira (22/5), a Agência Nacional de Vigilância Sanitária (Anvisa), a partir das 9h, promove o I Seminário de Medicinas Tradicionais e a Nova Agenda Estratégica Regulatória. Acompanhe nocanal da Anvisa no YouTube "
Anvisa celebra 25 anos da vigilância pós-mercado,https://www.gov.br/anvisa/pt-br/assuntos/noticias-anvisa/2026/anvisa-celebra-25-anos-da-vigilancia-pos-mercado,21/05/2026,"No dia 28 de maio, a Agência Nacional de Vigilância Sanitária (Anvisa) realiza uma celebração especial para comemorar a trajetória da vigilância pós-mercado no Brasil. A programação do evento “25 anos do Vigipós - Passado, presente e futuro da vigilância pós-comercialização” ocorrerá das 9h às 18h e contará com uma agenda variada, que inclui debates, palestras, homenagens além de discussões sobre perspectivas futuras. O evento, que acontecerá no Auditório da Anvisa, reunirá representantes da Anvisa, das Vigilâncias Sanitárias estaduais e municipais, da Rede Sentinela, dos setores regulados, além de parceiros institucionais como o Conselho Nacional de Secretários de Saúde (Conass) e o Conselho Nacional de Secretarias Municipais de Saúde (Conasems), parceiros do SUS e serviços de saúde. Confira a programação completa Proteção à saúde A vigilância pós-mercado é um processo sistemático e contínuo de coleta de dados de eventos adversos, queixas técnicas e outras informações sobre o comportamento dos produtos e serviços sujeitos à vigilância sanitária no mercado. O trabalho entrega aos gestores informações que podem fundamentar a adoção de medidas de prevenção e controle, a avaliação de impacto de medidas adotadas e disseminação de informações sobre riscos sanitários decorrente do uso desses produtos. Nesse cenário, é uma ação estratégica para a proteção da saúde da população brasileira. Faça sua inscriçãoaté sexta-feira (22/5)e participe dessa celebração histórica. O evento será transmitido no canal da Anvisa no YouTube: "
Dia Mundial de Proteção ao Aleitamento é marcado por ação educativa da Anvisa,https://www.gov.br/anvisa/pt-br/assuntos/noticias-anvisa/2026/dia-mundial-de-protecao-ao-aleitamento-e-marcado-por-acao-educativa-da-anvisa,21/05/2026,"A Agência Nacional de Vigilância Sanitária (Anvisa) e a Vigilância Sanitária do Distrito Federal realizaram, nesta quinta-feira (21/5), uma ação conjunta de orientação e inspeção em farmácias e supermercados,em Brasília, para verificar o cumprimento da Norma Brasileira de Comercialização de Alimentos para Lactentes e Crianças de Primeira Infância (NBCAL). A iniciativa integrou as ações do Dia Mundial de Proteção ao Aleitamento Materno e teve como foco identificar práticas irregulares de promoção comercial de produtos destinados a bebês e crianças de até três anos.As equipes percorreram estabelecimentos na chamada Rua das Farmácias, além de supermercadosna mesma região. A coordenadora de Inspeção e Fiscalização Sanitária de Alimentos da Anvisa, Renata Araujo, explicou que a ação tinhacaráter prioritariamente educativo.“É uma ação que tem um foco educativo, mas, sendo constatadas irregularidades, as empresas estão sendo intimadas a fazer as correções necessárias”, afirmou. Segundo ela, as equipes verificaram principalmente promoções irregulares de fórmulas infantis, mamadeiras, bicos e chupetas, além da ausência das frases obrigatórias sobre a importância do aleitamento materno. “Alguns produtos protegidos por essa lei não podem ter nenhum tipo de estratégia promocional que influencie negativamente o aleitamento materno”, disse. Em casos de reincidência, os estabelecimentos poderão sofrer sanções administrativas previstas na legislação sanitária do Distrito Federal, incluindo advertências e multas. Supermercados A maior parte das irregularidades encontradas nos supermercados esteve relacionada à falta de advertências obrigatórias. “No geral, as infrações identificadas foram realmente a ausência da frase de advertência para leites fluidos e leites em pó que estavam em ofertas”, explicou servidora da Gerência de Inspeção e Fiscalização Sanitária de Alimentos, Cosméticos e Saneantes (Giasc), Kelly Botelho. Proteção à saúde infantil “A intenção é levar materiais informativos e educacionais para que os estabelecimentos promovam práticas comerciais que protejam o aleitamento materno”, explicou a coordenadora substituta de Inspeção e Fiscalização Sanitária de Alimentos Liliane Alves. A NBCAL estabelece regras para comercialização, propaganda, rotulagem e promoção comercial de produtos destinados a lactentes e crianças de primeira infância. A norma brasileira é baseada em diretrizes internacionais de proteção ao aleitamento materno e está em vigor no país desde 1999, sendo posteriormente consolidada em legislação federal em 2006. Veja mais fotos da participação no Flickr da Anvisa. Use as setas à esquerda e à direita para navegar e clique na foto para a acessar em diferentes resoluções "
Anvisa estabelece classificação toxicológica e as doses de referência de ingredientes ativos de agrotóxicos,https://www.gov.br/anvisa/pt-br/assuntos/noticias-anvisa/2026/anvisa-estabelece-classificacao-toxicologica-e-de-doses-de-referencia-de-ingredientes-ativos-de-agrotoxicos,21/05/2026,"A Agência Nacional de Vigilância Sanitária (Anvisa) deu mais um passo na regulação de agrotóxicos no Brasil ao definir uma estratégia estruturada para incluir a classificação toxicológica de ingredientes ativos na monografia, conforme o Sistema Globalmente Harmonizado de Classificação e Rotulagem de Produtos Químicos (GHS). A medida busca fortalecer a comunicação dos perigos e dos riscos à saúde decorrentes da exposição aos agrotóxicos, conforme previsto na legislação vigente. Alinhamento com padrões internacionais A Anvisa utilizou como referência principal dados de bases internacionais consolidadas, como a da Agência Europeia de Produtos Químicos (ECHA) e a base de dados divulgada pela Comissão Europeia (EuropeanPesticideDatabase), reconhecidas pela robustez científica, alinhamento ao GHS, transparência e facilidade de consulta às informações técnicas. A abordagem prioriza a análise de efeitos toxicológicos com maior impacto à saúde, como desregulação endócrina, toxicidade reprodutiva, mutagenicidade e carcinogenicidade. A classificação de todos os ingredientes ativos de agrotóxicos (IA) com uso aprovado no país será escalonada, e contará inicialmente com 71 ingredientes ativos com classificações convergentes entre as bases pesquisadas, ampliando, assim, a transparência das informações disponíveis à sociedade. Além disso, a Agência passará a incorporar parâmetros internacionais para avaliação de risco não-dietético, como os níveis aceitáveis de exposição ocupacional (AOEL e AAOEL) estabelecidos pela Comissão Europeia. A medida visa dar sequência à implementação da avaliação do risco ocupacional, de residentes e transeuntes, conforme previsto naRDC nº 998/2025, publicada recentemente. Consultas públicas e atualização das monografias As novas informações serão incorporadas às monografias de ingredientes ativos de agrotóxicos publicadas pela Anvisa. Essa atualização será submetida a consulta pública por prazo mínimo de sessenta dias, garantindo transparência e participação social no processo regulatório. Os 71 ingredientes ativos foram organizados em grupos para consultas públicas, priorizando aqueles com maior potencial de exposição da população, considerando dados de monitoramento de resíduos em alimentos do Programa de Análise de Resíduos de Agrotóxicos em Alimentos (PARA), número de produtos registrados e volume de comercialização divulgados pelo IBAMA. A iniciativa permite uma atuação mais eficiente e transparente, alinhada às melhores práticas internacionais, e reforça o compromisso da Anvisa com a proteção da saúde pública. A Agência destaca que o planejamento é dinâmico e poderá ser ajustado conforme a evolução das informações técnicas e regulatórias. Acesse alistagem de ingredientes ativos da primeira fase de classificação e definição dos níveis aceitáveis de exposição ocupacional (AOEL e AAOEL)"
Publicada nova atualização da Lista de Medicamentos de Referência (LMR),https://www.gov.br/anvisa/pt-br/assuntos/noticias-anvisa/2026/publicada-nova-atualizacao-da-lista-de-medicamentos-de-referencia-lmr,21/05/2026,"A atualização daLista de Medicamentos de Referência (LMR) da Agência Nacional de Vigilância Sanitária (Anvisa) foi atualizada na última segunda-feira (18/2) com a publicação daInstrução Normativa 444/2026. Omedicamento dereferência é o produto inovador registrado e comercializado nopaís, cuja eficácia, segurança e qualidade foram comprovadas cientificamente junto à Anvisa. A LMR é estabelecida e publicada pela Agênciaereúnearelação de medicamentos que servirão como parâmetropara arealizaçãodos estudos comparativosnecessários ao registro eàsmudanças pós-registro de medicamentos genéricos e similares. A listatambém pode ser consultada por profissionais de saúde para fins de dispensação de medicamentos, bem comopela população em geral para finsinformativos. A LMR pode ser consultada, em sua íntegra, noPortal da Anvisa:Lista de medicamentos de referência — Agência Nacional de Vigilância Sanitária - Anvisa."
SNCR: o que muda para farmácias e drogarias com o novo sistema de controle de receitas,https://www.gov.br/anvisa/pt-br/assuntos/noticias-anvisa/2026/SNCR-o-que-muda-para-farmacias-e-drogarias-com-o-novo-sistema-de-controle-de-receitas,21/05/2026,"O Sistema Nacional de Controle de Receituários (SNCR), criado pela Agência Nacional de Vigilância Sanitária (Anvisa), vai mudar a forma como receitas de medicamentos controlados serão emitidas, validadas e dispensadas no Brasil. A ferramenta foi instituída pela RDC nº 873/2024 e tem como objetivo centralizar, em âmbito nacional, a gestão das numerações de receitas de medicamentos sujeitos a controle especial, ampliando a segurança e reduzindo fraudes e falsificações. Na prática, o SNCR permitirá rastrear todo o ciclo da receita: emissão, dispensação e baixa. Antes, cada Vigilância Sanitária estadual possuía seu próprio controle de numeração. Com o novo sistema, a numeração passa a ser única em todo o território nacional. As Vigilâncias Sanitárias continuam responsáveis pela concessão e pelo controle das numerações aos prescritores, agora por meio de uma ferramenta digital padronizada e automatizada. O sistema está em funcionamento desde 2024, para uso das Vigilâncias Sanitárias, e terá novas funcionalidades voltadas para farmácias e drogarias a partir de junho de 2026. Nova fase - emissão eletrônica de Notificações de Receita A próxima fase do sistema prevê a emissão de Notificações de Receita em meio eletrônico, integrando numeração, prescrição e registro de utilização em um único ambiente digital. Para isso, a Anvisa irá disponibilizar ferramentas específicas no sistema, cujas etapas terão início em junho de 2026. Os receituários físicos, no entanto, continuam válidos e conviverão com o modelo eletrônico e não serão registrados no SNCR neste momento. As Vigilâncias Sanitárias permanecem responsáveis pela concessão e pelo controle da numeração dos receituários, agora apoiadas por uma plataforma digital nacional. Já as farmácias e drogarias passarão a contar com funcionalidades voltadas ao registro do uso das receitas eletrônicas. O que muda para farmácias e drogarias? As farmácias passarão a participar ativamente do SNCR para o controle sanitário das receitas eletrônicas de medicamentos controlados, sendo responsáveis por “fechar o ciclo” da prescrição dentro do sistema. Isso inclui: Quando o sistema passa a valer para farmácias e drogarias? A Anvisa está trabalhando em uma etapa prévia, que é a integração do sistema com as plataformas eletrônicas de prescrição. Essa etapa terá início a partir de junho de 2026. Posteriormente, será concedido o acesso às farmácias e drogarias. O cronograma será divulgado oportunamente, com prazos de adequação e orientações detalhadas. O receituário físico vai acabar? Não. O receituário físico continuará existindo, e os talonários ainda poderão ser utilizados. O SNCR vai substituir o SNGPC? Não. O Sistema Nacional de Gerenciamento de Produtos Controlados (SNGPC) continuará em funcionamento. Inicialmente, os dois sistemas deverão coexistir. Enquanto o SNGPC controla a movimentação de estoque, o SNCR terá foco na receita. As Receitas de Controle Especial (brancas), de antimicrobianos e de agonistas de GLP-1 eletrônicas, poderão continuar a ser emitidas? As Receitas de Controle Especial (brancas), de antimicrobianos e de agonistas de GLP-1 eletrônicas poderão continuar a ser emitidas, desde que integradas ao SNCR. A partir da disponibilização da ferramenta de integração, as receitas emitidas até essa data, ou seja, sem integração com o SNCR, poderão ser aceitas pelas farmácias por até 30 dias. Dentro desse período, não será necessário registrar a utilização dessas receitas no SNCR. Como já ocorre atualmente, essas receitas não precisam de numeração concedida antecipadamente. A integração com o SNCR permitirá a identificação numérica da receita no momento da emissão. O que as farmácias precisam fazer agora? Neste momento, não existe acesso direto ao SNCR para farmácias e drogarias. O sistema é utilizado exclusivamente pelas Vigilâncias Sanitárias estaduais, municipais e do Distrito Federal. As funcionalidades específicas para farmácias e drogarias, assim como estabelecimentos dispensadores, ainda serão disponibilizadas. O que será necessário para acessar o sistema futuramente? Farmácias e dispensários públicos: Possuir Cadastro Nacional de Estabelecimentos de saúde (CNES). Farmácias e drogarias privadas: Serviços de emissão de receitas eletrônicas: Obs.: neste momento, os prescritores não precisarão se cadastrar ou acessar o SNCR diretamente. Vai haver treinamento para as farmácias? Sim. A Anvisa irá disponibilizar manuais de utilização, orientações técnicas e webinares sobre o uso do sistema. SNGPC x SNCR: qual a diferença? SNGPC SNCR Escrituração sanitária Controle de  estoque Controle de receitas Foco na movimentação do medicamento Foco na prescrição e sua utilização Recebe informações consolidadas por período Rastreabilidade de cada receita Já utilizado pelas farmácias Novo sistema nacional Leia também: Anvisa aprova requisitos para emissão de receitas de controlados em meio eletrônico Anvisa disponibiliza novos modelos de receituários controlados Webinar apresenta novas funcionalidades do Sistema Nacional de Controle de Receituários Sistema Nacional de Controle de Receituários já está em vigor"
Anvisa determina interdição cautelar de repelente contra insetos da marca Repele,https://www.gov.br/anvisa/pt-br/assuntos/noticias-anvisa/2026/anvisa-determina-a-interdicao-cautelar-do-repelente-contra-insetos-da-marca-repele,20/05/2026,"Foi determinado,nestaquarta-feira(20/05), a interdição cautelar do repelente contra insetos da marca Repele, da empresaMavaroIndústria e Comércio de Produtos Químicos Ltda. O lote afetado é o 61/411. A ação foi movidaapóslaudo emitido peloInstituto Adolfo Lutz - LACEN do Estado de São Paulo reprovar o produtono testede IR3535,procedimentoque avalia a eficácia desteprincípio ativo.O IR3535 éum ativo sintéticoutilizado em repelentes de insetos, que cria uma barreira de odor na pele econfunde o sistema olfativo dos insetos. Leia aResolução2.043/2026no Diário Oficial da União"
